"ISO Name";"Capacity Market Zone";"Capacity Commitment Period Start Date";"Capacity Commitment Period End Date";"Capacity Commitment Period Length";"Market";"Capacity Price $/MW-Day";"Awarded MW";"Capacity Market ISO ID";"Capacity Market ID"
"New England ISO";"MAINE";"6/1/2015 00:00";"1/5/2016 00:00";"ONE YEAR";"ANNUAL";"147.94520547";"3505.360000";"72673";"1324151"
"New England ISO";"MAINE";"6/1/2015 00:00";"1/5/2016 00:00";"ONE YEAR";"ANNUAL";"118.35616438";"3814.958000";"72673";"1324151"
"New England ISO";"MAINE";"6/1/2015 00:00";"1/5/2016 00:00";"ONE YEAR";"ANNUAL";"96.98630136";"3896.643000";"72673";"1324151"
"New England ISO";"MAINE";"6/1/2015 00:00";"1/5/2016 00:00";"ONE YEAR";"ANNUAL";"96.98630136";"4025.158000";"72673";"1324151"
"New England ISO";"MAINE";"6/1/2015 00:00";"1/5/2016 00:00";"ONE YEAR";"ANNUAL";"105.50136986";"3957.690000";"72673";"1324151"
"New England ISO";"REST OF POOL";"6/1/2015 00:00";"1/5/2016 00:00";"ONE YEAR";"ANNUAL";"147.94520547";"30571.890000";"72673";"1324152"
"New England ISO";"REST OF POOL";"6/1/2015 00:00";"1/5/2016 00:00";"ONE YEAR";"ANNUAL";"118.35616438";"33468.244000";"72673";"1324152"
"New England ISO";"REST OF POOL";"6/1/2015 00:00";"1/5/2016 00:00";"ONE YEAR";"ANNUAL";"96.98630136";"33098.959000";"72673";"1324152"
"New England ISO";"REST OF POOL";"6/1/2015 00:00";"1/5/2016 00:00";"ONE YEAR";"ANNUAL";"96.98630136";"33475.839000";"72673";"1324152"
"New England ISO";"REST OF POOL";"6/1/2015 00:00";"1/5/2016 00:00";"ONE YEAR";"ANNUAL";"105.50136986";"32960.371000";"72673";"1324152"
"New York ISO";"HQ";"6/1/2015 00:00";"1/5/2016 00:00";"ONE YEAR";"SPOT MONTH";"0.00000000";"0.000000";"72669";"851353"
"New York ISO";"HQ";"6/1/2015 00:00";"1/5/2016 00:00";"ONE YEAR";"SPOT MONTH";"0.00000000";"0.000000";"72669";"851353"
"New York ISO";"HQ";"6/1/2015 00:00";"1/5/2016 00:00";"ONE YEAR";"SPOT MONTH";"16.43835616";"249.582000";"72669";"851353"
"New York ISO";"HQ";"6/1/2015 00:00";"1/5/2016 00:00";"ONE YEAR";"SPOT MONTH";"9.86301369";"151.612000";"72669";"851353"
"New York ISO";"HQ";"6/1/2015 00:00";"1/5/2016 00:00";"ONE YEAR";"SPOT MONTH";"85.80821917";"0.000000";"72669";"851353"
"New York ISO";"HQ";"6/1/2015 00:00";"1/5/2016 00:00";"ONE YEAR";"STRIP MONTH";"98.95890410";"0.000000";"72669";"851353"
"New York ISO";"HQ";"6/1/2015 00:00";"1/5/2016 00:00";"ONE YEAR";"SPOT MONTH";"138.73972602";"85.000000";"72669";"851353"
"New York ISO";"HQ";"6/1/2015 00:00";"1/5/2016 00:00";"ONE YEAR";"SPOT MONTH";"145.31506849";"25.000000";"72669";"851353"
"New York ISO";"HQ";"6/1/2015 00:00";"1/5/2016 00:00";"ONE YEAR";"SPOT MONTH";"112.43835616";"25.000000";"72669";"851353"
"New York ISO";"HQ";"6/1/2015 00:00";"1/5/2016 00:00";"ONE YEAR";"SPOT MONTH";"0.00000000";"0.000000";"72669";"851353"
"New York ISO";"HQ";"6/1/2015 00:00";"1/5/2016 00:00";"ONE YEAR";"SPOT MONTH";"73.31506849";"25.000000";"72669";"851353"
"New York ISO";"HQ";"6/1/2015 00:00";"1/5/2016 00:00";"ONE YEAR";"SPOT MONTH";"0.00000000";"0.000000";"72669";"851353"
"New York ISO";"HQ";"6/1/2015 00:00";"1/5/2016 00:00";"ONE YEAR";"STRIP MONTH";"0.00000000";"0.000000";"72669";"851353"
"New York ISO";"HQ";"6/1/2015 00:00";"1/5/2016 00:00";"ONE YEAR";"SPOT MONTH";"0.00000000";"0.000000";"72669";"851353"
"New York ISO";"HQ";"6/1/2015 00:00";"1/5/2016 00:00";"ONE YEAR";"SPOT MONTH";"0.00000000";"0.000000";"72669";"851353"
"New York ISO";"HQ";"6/1/2015 00:00";"1/5/2016 00:00";"ONE YEAR";"SPOT MONTH";"114.73972602";"100.000000";"72669";"851353"
"New York ISO";"HQ";"6/1/2015 00:00";"1/5/2016 00:00";"ONE YEAR";"SPOT MONTH";"27.94520547";"170.000000";"72669";"851353"
"New York ISO";"HQ";"6/1/2015 00:00";"1/5/2016 00:00";"ONE YEAR";"SPOT MONTH";"21.04109589";"34.000000";"72669";"851353"
"New York ISO";"HQ";"6/1/2015 00:00";"1/5/2016 00:00";"ONE YEAR";"SPOT MONTH";"0.32876712";"0.000000";"72669";"851353"
"New York ISO";"HQ";"6/1/2015 00:00";"1/5/2016 00:00";"ONE YEAR";"STRIP MONTH";"0.00000000";"0.000000";"72669";"851353"
"New York ISO";"HQ";"6/1/2015 00:00";"1/5/2016 00:00";"ONE YEAR";"SPOT MONTH";"0.00000000";"0.000000";"72669";"851353"
"New York ISO";"HQ";"6/1/2015 00:00";"1/5/2016 00:00";"ONE YEAR";"SPOT MONTH";"0.00000000";"0.000000";"72669";"851353"
"New York ISO";"HQ";"6/1/2015 00:00";"1/5/2016 00:00";"ONE YEAR";"SPOT MONTH";"0.00000000";"0.000000";"72669";"851353"
"New York ISO";"HQ";"6/1/2015 00:00";"1/5/2016 00:00";"ONE YEAR";"SPOT MONTH";"0.00000000";"0.000000";"72669";"851353"
"New York ISO";"HQ";"6/1/2015 00:00";"1/5/2016 00:00";"ONE YEAR";"SPOT MONTH";"0.00000000";"0.000000";"72669";"851353"
"New York ISO";"HQ";"6/1/2015 00:00";"1/5/2016 00:00";"ONE YEAR";"SPOT MONTH";"0.32876712";"437.269000";"72669";"851353"
"New York ISO";"HQ";"6/1/2015 00:00";"1/5/2016 00:00";"ONE YEAR";"STRIP MONTH";"12.82191780";"128.200000";"72669";"851353"
"New York ISO";"HQ";"6/1/2015 00:00";"1/5/2016 00:00";"ONE YEAR";"SPOT MONTH";"16.43835616";"158.600000";"72669";"851353"
"New York ISO";"HQ";"6/1/2015 00:00";"1/5/2016 00:00";"ONE YEAR";"SPOT MONTH";"0.00000000";"0.000000";"72669";"851353"
"New York ISO";"HQ";"6/1/2015 00:00";"1/5/2016 00:00";"ONE YEAR";"SPOT MONTH";"0.00000000";"0.000000";"72669";"851353"
"New York ISO";"HQ";"6/1/2015 00:00";"1/5/2016 00:00";"ONE YEAR";"SPOT MONTH";"0.00000000";"0.000000";"72669";"851353"
"New York ISO";"HQ";"6/1/2015 00:00";"1/5/2016 00:00";"ONE YEAR";"SPOT MONTH";"4.93150684";"155.700000";"72669";"851353"
"New York ISO";"HQ";"6/1/2015 00:00";"1/5/2016 00:00";"ONE YEAR";"SPOT MONTH";"21.36986301";"138.000000";"72669";"851353"
"New York ISO";"HQ";"6/1/2015 00:00";"1/5/2016 00:00";"ONE YEAR";"STRIP MONTH";"18.08219178";"235.400000";"72669";"851353"
"New York ISO";"HQ";"6/1/2015 00:00";"1/5/2016 00:00";"ONE YEAR";"SPOT MONTH";"9.86301369";"150.296000";"72669";"851353"
"New York ISO";"HQ";"6/1/2015 00:00";"1/5/2016 00:00";"ONE YEAR";"SPOT MONTH";"4.93150684";"166.425000";"72669";"851353"
"New York ISO";"HQ";"6/1/2015 00:00";"1/5/2016 00:00";"ONE YEAR";"SPOT MONTH";"1.64383561";"100.000000";"72669";"851353"
"New York ISO";"HQ";"6/1/2015 00:00";"1/5/2016 00:00";"ONE YEAR";"SPOT MONTH";"5.91780821";"120.000000";"72669";"851353"
"New York ISO";"HQ";"6/1/2015 00:00";"1/5/2016 00:00";"ONE YEAR";"SPOT MONTH";"4.27397260";"50.000000";"72669";"851353"
"New York ISO";"HQ";"6/1/2015 00:00";"1/5/2016 00:00";"ONE YEAR";"SPOT MONTH";"1.97260273";"169.000000";"72669";"851353"
"New York ISO";"HQ";"6/1/2015 00:00";"1/5/2016 00:00";"ONE YEAR";"STRIP MONTH";"4.93150684";"0.000000";"72669";"851353"
"New York ISO";"HQ";"6/1/2015 00:00";"1/5/2016 00:00";"ONE YEAR";"SPOT MONTH";"3.28767123";"0.000000";"72669";"851353"
"New York ISO";"HQ";"6/1/2015 00:00";"1/5/2016 00:00";"ONE YEAR";"SPOT MONTH";"16.43835616";"131.931000";"72669";"851353"
"New York ISO";"HQ";"6/1/2015 00:00";"1/5/2016 00:00";"ONE YEAR";"SPOT MONTH";"5.91780821";"58.780000";"72669";"851353"
"New York ISO";"IESO";"6/1/2015 00:00";"1/5/2016 00:00";"ONE YEAR";"SPOT MONTH";"0.00000000";"0.000000";"72669";"1553214"
"New York ISO";"IESO";"6/1/2015 00:00";"1/5/2016 00:00";"ONE YEAR";"SPOT MONTH";"0.00000000";"0.000000";"72669";"1553214"
"New York ISO";"IESO";"6/1/2015 00:00";"1/5/2016 00:00";"ONE YEAR";"SPOT MONTH";"0.00000000";"0.000000";"72669";"1553214"
"New York ISO";"IESO";"6/1/2015 00:00";"1/5/2016 00:00";"ONE YEAR";"SPOT MONTH";"0.00000000";"0.000000";"72669";"1553214"
"New York ISO";"IESO";"6/1/2015 00:00";"1/5/2016 00:00";"ONE YEAR";"SPOT MONTH";"0.00000000";"0.000000";"72669";"1553214"
"New York ISO";"IESO";"6/1/2015 00:00";"1/5/2016 00:00";"ONE YEAR";"STRIP MONTH";"0.00000000";"0.000000";"72669";"1553214"
"New York ISO";"IESO";"6/1/2015 00:00";"1/5/2016 00:00";"ONE YEAR";"SPOT MONTH";"0.00000000";"0.000000";"72669";"1553214"
"New York ISO";"IESO";"6/1/2015 00:00";"1/5/2016 00:00";"ONE YEAR";"SPOT MONTH";"0.00000000";"0.000000";"72669";"1553214"
"New York ISO";"IESO";"6/1/2015 00:00";"1/5/2016 00:00";"ONE YEAR";"SPOT MONTH";"0.00000000";"0.000000";"72669";"1553214"
"New York ISO";"IESO";"6/1/2015 00:00";"1/5/2016 00:00";"ONE YEAR";"SPOT MONTH";"0.00000000";"0.000000";"72669";"1553214"
"New York ISO";"IESO";"6/1/2015 00:00";"1/5/2016 00:00";"ONE YEAR";"SPOT MONTH";"0.00000000";"0.000000";"72669";"1553214"
"New York ISO";"IESO";"6/1/2015 00:00";"1/5/2016 00:00";"ONE YEAR";"SPOT MONTH";"0.00000000";"0.000000";"72669";"1553214"
"New York ISO";"IESO";"6/1/2015 00:00";"1/5/2016 00:00";"ONE YEAR";"STRIP MONTH";"0.00000000";"0.000000";"72669";"1553214"
"New York ISO";"IESO";"6/1/2015 00:00";"1/5/2016 00:00";"ONE YEAR";"SPOT MONTH";"0.00000000";"0.000000";"72669";"1553214"
"New York ISO";"IESO";"6/1/2015 00:00";"1/5/2016 00:00";"ONE YEAR";"SPOT MONTH";"0.00000000";"0.000000";"72669";"1553214"
"New York ISO";"IESO";"6/1/2015 00:00";"1/5/2016 00:00";"ONE YEAR";"SPOT MONTH";"0.00000000";"0.000000";"72669";"1553214"
"New York ISO";"IESO";"6/1/2015 00:00";"1/5/2016 00:00";"ONE YEAR";"SPOT MONTH";"0.00000000";"0.000000";"72669";"1553214"
"New York ISO";"IESO";"6/1/2015 00:00";"1/5/2016 00:00";"ONE YEAR";"SPOT MONTH";"0.00000000";"0.000000";"72669";"1553214"
"New York ISO";"IESO";"6/1/2015 00:00";"1/5/2016 00:00";"ONE YEAR";"SPOT MONTH";"0.00000000";"0.000000";"72669";"1553214"
"New York ISO";"IESO";"6/1/2015 00:00";"1/5/2016 00:00";"ONE YEAR";"STRIP MONTH";"0.00000000";"0.000000";"72669";"1553214"
"New York ISO";"IESO";"6/1/2015 00:00";"1/5/2016 00:00";"ONE YEAR";"SPOT MONTH";"0.00000000";"0.000000";"72669";"1553214"
"New York ISO";"IESO";"6/1/2015 00:00";"1/5/2016 00:00";"ONE YEAR";"SPOT MONTH";"0.00000000";"0.000000";"72669";"1553214"
"New York ISO";"IESO";"6/1/2015 00:00";"1/5/2016 00:00";"ONE YEAR";"SPOT MONTH";"0.00000000";"0.000000";"72669";"1553214"
"New York ISO";"IESO";"6/1/2015 00:00";"1/5/2016 00:00";"ONE YEAR";"SPOT MONTH";"0.00000000";"0.000000";"72669";"1553214"
"New York ISO";"IESO";"6/1/2015 00:00";"1/5/2016 00:00";"ONE YEAR";"SPOT MONTH";"0.00000000";"0.000000";"72669";"1553214"
"New York ISO";"IESO";"6/1/2015 00:00";"1/5/2016 00:00";"ONE YEAR";"SPOT MONTH";"0.00000000";"0.000000";"72669";"1553214"
"New York ISO";"IESO";"6/1/2015 00:00";"1/5/2016 00:00";"ONE YEAR";"STRIP MONTH";"0.00000000";"0.000000";"72669";"1553214"
"New York ISO";"IESO";"6/1/2015 00:00";"1/5/2016 00:00";"ONE YEAR";"SPOT MONTH";"0.00000000";"0.000000";"72669";"1553214"
"New York ISO";"IESO";"6/1/2015 00:00";"1/5/2016 00:00";"ONE YEAR";"SPOT MONTH";"0.00000000";"0.000000";"72669";"1553214"
"New York ISO";"IESO";"6/1/2015 00:00";"1/5/2016 00:00";"ONE YEAR";"SPOT MONTH";"0.00000000";"0.000000";"72669";"1553214"
"New York ISO";"IESO";"6/1/2015 00:00";"1/5/2016 00:00";"ONE YEAR";"SPOT MONTH";"0.00000000";"0.000000";"72669";"1553214"
"New York ISO";"IESO";"6/1/2015 00:00";"1/5/2016 00:00";"ONE YEAR";"SPOT MONTH";"0.00000000";"0.000000";"72669";"1553214"
"New York ISO";"IESO";"6/1/2015 00:00";"1/5/2016 00:00";"ONE YEAR";"SPOT MONTH";"0.00000000";"0.000000";"72669";"1553214"
"New York ISO";"IESO";"6/1/2015 00:00";"1/5/2016 00:00";"ONE YEAR";"STRIP MONTH";"0.00000000";"0.000000";"72669";"1553214"
"New York ISO";"IESO";"6/1/2015 00:00";"1/5/2016 00:00";"ONE YEAR";"SPOT MONTH";"0.00000000";"0.000000";"72669";"1553214"
"New York ISO";"IESO";"6/1/2015 00:00";"1/5/2016 00:00";"ONE YEAR";"SPOT MONTH";"0.00000000";"0.000000";"72669";"1553214"
"New York ISO";"IESO";"6/1/2015 00:00";"1/5/2016 00:00";"ONE YEAR";"SPOT MONTH";"0.00000000";"0.000000";"72669";"1553214"
"New York ISO";"IESO";"6/1/2015 00:00";"1/5/2016 00:00";"ONE YEAR";"SPOT MONTH";"0.00000000";"0.000000";"72669";"1553214"
"New York ISO";"IESO";"6/1/2015 00:00";"1/5/2016 00:00";"ONE YEAR";"SPOT MONTH";"0.00000000";"0.000000";"72669";"1553214"
"New York ISO";"IESO";"6/1/2015 00:00";"1/5/2016 00:00";"ONE YEAR";"SPOT MONTH";"0.00000000";"0.000000";"72669";"1553214"
"New York ISO";"IESO";"6/1/2015 00:00";"1/5/2016 00:00";"ONE YEAR";"STRIP MONTH";"0.00000000";"0.000000";"72669";"1553214"
"New York ISO";"IESO";"6/1/2015 00:00";"1/5/2016 00:00";"ONE YEAR";"SPOT MONTH";"0.00000000";"0.000000";"72669";"1553214"
"New York ISO";"IESO";"6/1/2015 00:00";"1/5/2016 00:00";"ONE YEAR";"SPOT MONTH";"0.00000000";"0.000000";"72669";"1553214"
"New York ISO";"IESO";"6/1/2015 00:00";"1/5/2016 00:00";"ONE YEAR";"SPOT MONTH";"0.00000000";"0.000000";"72669";"1553214"
"New York ISO";"LI";"6/1/2015 00:00";"1/5/2016 00:00";"ONE YEAR";"SPOT MONTH";"104.87671232";"733.900000";"72669";"851350"
"New York ISO";"LI";"6/1/2015 00:00";"1/5/2016 00:00";"ONE YEAR";"SPOT MONTH";"58.19178082";"820.900000";"72669";"851350"
"New York ISO";"LI";"6/1/2015 00:00";"1/5/2016 00:00";"ONE YEAR";"SPOT MONTH";"16.43835616";"816.900000";"72669";"851350"
"New York ISO";"LI";"6/1/2015 00:00";"1/5/2016 00:00";"ONE YEAR";"SPOT MONTH";"9.86301369";"820.900000";"72669";"851350"
"New York ISO";"LI";"6/1/2015 00:00";"1/5/2016 00:00";"ONE YEAR";"SPOT MONTH";"154.84931506";"410.400000";"72669";"851350"
"New York ISO";"LI";"6/1/2015 00:00";"1/5/2016 00:00";"ONE YEAR";"STRIP MONTH";"98.95890410";"53.300000";"72669";"851350"
"New York ISO";"LI";"6/1/2015 00:00";"1/5/2016 00:00";"ONE YEAR";"SPOT MONTH";"152.87671232";"415.800000";"72669";"851350"
"New York ISO";"LI";"6/1/2015 00:00";"1/5/2016 00:00";"ONE YEAR";"SPOT MONTH";"156.82191780";"404.800000";"72669";"851350"
"New York ISO";"LI";"6/1/2015 00:00";"1/5/2016 00:00";"ONE YEAR";"SPOT MONTH";"112.43835616";"717.800000";"72669";"851350"
"New York ISO";"LI";"6/1/2015 00:00";"1/5/2016 00:00";"ONE YEAR";"SPOT MONTH";"90.73972602";"738.900000";"72669";"851350"
"New York ISO";"LI";"6/1/2015 00:00";"1/5/2016 00:00";"ONE YEAR";"SPOT MONTH";"73.31506849";"743.100000";"72669";"851350"
"New York ISO";"LI";"6/1/2015 00:00";"1/5/2016 00:00";"ONE YEAR";"SPOT MONTH";"16.43835616";"843.300000";"72669";"851350"
"New York ISO";"LI";"6/1/2015 00:00";"1/5/2016 00:00";"ONE YEAR";"STRIP MONTH";"57.53424657";"35.000000";"72669";"851350"
"New York ISO";"LI";"6/1/2015 00:00";"1/5/2016 00:00";"ONE YEAR";"SPOT MONTH";"24.65753424";"842.300000";"72669";"851350"
"New York ISO";"LI";"6/1/2015 00:00";"1/5/2016 00:00";"ONE YEAR";"SPOT MONTH";"60.82191780";"843.300000";"72669";"851350"
"New York ISO";"LI";"6/1/2015 00:00";"1/5/2016 00:00";"ONE YEAR";"SPOT MONTH";"114.73972602";"843.300000";"72669";"851350"
"New York ISO";"LI";"6/1/2015 00:00";"1/5/2016 00:00";"ONE YEAR";"SPOT MONTH";"27.94520547";"843.300000";"72669";"851350"
"New York ISO";"LI";"6/1/2015 00:00";"1/5/2016 00:00";"ONE YEAR";"SPOT MONTH";"21.04109589";"843.300000";"72669";"851350"
"New York ISO";"LI";"6/1/2015 00:00";"1/5/2016 00:00";"ONE YEAR";"SPOT MONTH";"191.01369863";"354.000000";"72669";"851350"
"New York ISO";"LI";"6/1/2015 00:00";"1/5/2016 00:00";"ONE YEAR";"STRIP MONTH";"81.20547945";"26.200000";"72669";"851350"
"New York ISO";"LI";"6/1/2015 00:00";"1/5/2016 00:00";"ONE YEAR";"SPOT MONTH";"69.69863013";"829.000000";"72669";"851350"
"New York ISO";"LI";"6/1/2015 00:00";"1/5/2016 00:00";"ONE YEAR";"SPOT MONTH";"62.79452054";"816.900000";"72669";"851350"
"New York ISO";"LI";"6/1/2015 00:00";"1/5/2016 00:00";"ONE YEAR";"SPOT MONTH";"55.23287671";"851.200000";"72669";"851350"
"New York ISO";"LI";"6/1/2015 00:00";"1/5/2016 00:00";"ONE YEAR";"SPOT MONTH";"20.71232876";"865.900000";"72669";"851350"
"New York ISO";"LI";"6/1/2015 00:00";"1/5/2016 00:00";"ONE YEAR";"SPOT MONTH";"18.41095890";"851.800000";"72669";"851350"
"New York ISO";"LI";"6/1/2015 00:00";"1/5/2016 00:00";"ONE YEAR";"SPOT MONTH";"0.32876712";"913.300000";"72669";"851350"
"New York ISO";"LI";"6/1/2015 00:00";"1/5/2016 00:00";"ONE YEAR";"STRIP MONTH";"12.82191780";"1.200000";"72669";"851350"
"New York ISO";"LI";"6/1/2015 00:00";"1/5/2016 00:00";"ONE YEAR";"SPOT MONTH";"16.43835616";"913.300000";"72669";"851350"
"New York ISO";"LI";"6/1/2015 00:00";"1/5/2016 00:00";"ONE YEAR";"SPOT MONTH";"16.43835616";"913.300000";"72669";"851350"
"New York ISO";"LI";"6/1/2015 00:00";"1/5/2016 00:00";"ONE YEAR";"SPOT MONTH";"21.36986301";"913.300000";"72669";"851350"
"New York ISO";"LI";"6/1/2015 00:00";"1/5/2016 00:00";"ONE YEAR";"SPOT MONTH";"9.86301369";"913.300000";"72669";"851350"
"New York ISO";"LI";"6/1/2015 00:00";"1/5/2016 00:00";"ONE YEAR";"SPOT MONTH";"4.93150684";"913.300000";"72669";"851350"
"New York ISO";"LI";"6/1/2015 00:00";"1/5/2016 00:00";"ONE YEAR";"SPOT MONTH";"21.36986301";"895.300000";"72669";"851350"
"New York ISO";"LI";"6/1/2015 00:00";"1/5/2016 00:00";"ONE YEAR";"STRIP MONTH";"18.08219178";"1.200000";"72669";"851350"
"New York ISO";"LI";"6/1/2015 00:00";"1/5/2016 00:00";"ONE YEAR";"SPOT MONTH";"18.08219178";"904.500000";"72669";"851350"
"New York ISO";"LI";"6/1/2015 00:00";"1/5/2016 00:00";"ONE YEAR";"SPOT MONTH";"4.93150684";"904.500000";"72669";"851350"
"New York ISO";"LI";"6/1/2015 00:00";"1/5/2016 00:00";"ONE YEAR";"SPOT MONTH";"1.64383561";"908.300000";"72669";"851350"
"New York ISO";"LI";"6/1/2015 00:00";"1/5/2016 00:00";"ONE YEAR";"SPOT MONTH";"6.57534246";"890.000000";"72669";"851350"
"New York ISO";"LI";"6/1/2015 00:00";"1/5/2016 00:00";"ONE YEAR";"SPOT MONTH";"4.27397260";"900.900000";"72669";"851350"
"New York ISO";"LI";"6/1/2015 00:00";"1/5/2016 00:00";"ONE YEAR";"SPOT MONTH";"1.97260273";"898.100000";"72669";"851350"
"New York ISO";"LI";"6/1/2015 00:00";"1/5/2016 00:00";"ONE YEAR";"STRIP MONTH";"4.93150684";"3.600000";"72669";"851350"
"New York ISO";"LI";"6/1/2015 00:00";"1/5/2016 00:00";"ONE YEAR";"SPOT MONTH";"3.28767123";"898.100000";"72669";"851350"
"New York ISO";"LI";"6/1/2015 00:00";"1/5/2016 00:00";"ONE YEAR";"SPOT MONTH";"16.43835616";"898.100000";"72669";"851350"
"New York ISO";"LI";"6/1/2015 00:00";"1/5/2016 00:00";"ONE YEAR";"SPOT MONTH";"5.91780821";"898.100000";"72669";"851350"
"New York ISO";"NE";"6/1/2015 00:00";"1/5/2016 00:00";"ONE YEAR";"SPOT MONTH";"0.00000000";"0.000000";"72669";"851354"
"New York ISO";"NE";"6/1/2015 00:00";"1/5/2016 00:00";"ONE YEAR";"SPOT MONTH";"0.00000000";"0.000000";"72669";"851354"
"New York ISO";"NE";"6/1/2015 00:00";"1/5/2016 00:00";"ONE YEAR";"SPOT MONTH";"0.00000000";"0.000000";"72669";"851354"
"New York ISO";"NE";"6/1/2015 00:00";"1/5/2016 00:00";"ONE YEAR";"SPOT MONTH";"0.00000000";"0.000000";"72669";"851354"
"New York ISO";"NE";"6/1/2015 00:00";"1/5/2016 00:00";"ONE YEAR";"SPOT MONTH";"0.00000000";"0.000000";"72669";"851354"
"New York ISO";"NE";"6/1/2015 00:00";"1/5/2016 00:00";"ONE YEAR";"STRIP MONTH";"0.00000000";"0.000000";"72669";"851354"
"New York ISO";"NE";"6/1/2015 00:00";"1/5/2016 00:00";"ONE YEAR";"SPOT MONTH";"0.00000000";"0.000000";"72669";"851354"
"New York ISO";"NE";"6/1/2015 00:00";"1/5/2016 00:00";"ONE YEAR";"SPOT MONTH";"0.00000000";"0.000000";"72669";"851354"
"New York ISO";"NE";"6/1/2015 00:00";"1/5/2016 00:00";"ONE YEAR";"SPOT MONTH";"0.00000000";"0.000000";"72669";"851354"
"New York ISO";"NE";"6/1/2015 00:00";"1/5/2016 00:00";"ONE YEAR";"SPOT MONTH";"0.00000000";"0.000000";"72669";"851354"
"New York ISO";"NE";"6/1/2015 00:00";"1/5/2016 00:00";"ONE YEAR";"SPOT MONTH";"0.00000000";"0.000000";"72669";"851354"
"New York ISO";"NE";"6/1/2015 00:00";"1/5/2016 00:00";"ONE YEAR";"SPOT MONTH";"0.00000000";"0.000000";"72669";"851354"
"New York ISO";"NE";"6/1/2015 00:00";"1/5/2016 00:00";"ONE YEAR";"STRIP MONTH";"0.00000000";"0.000000";"72669";"851354"
"New York ISO";"NE";"6/1/2015 00:00";"1/5/2016 00:00";"ONE YEAR";"SPOT MONTH";"0.00000000";"0.000000";"72669";"851354"
"New York ISO";"NE";"6/1/2015 00:00";"1/5/2016 00:00";"ONE YEAR";"SPOT MONTH";"0.00000000";"0.000000";"72669";"851354"
"New York ISO";"NE";"6/1/2015 00:00";"1/5/2016 00:00";"ONE YEAR";"SPOT MONTH";"0.00000000";"0.000000";"72669";"851354"
"New York ISO";"NE";"6/1/2015 00:00";"1/5/2016 00:00";"ONE YEAR";"SPOT MONTH";"0.00000000";"0.000000";"72669";"851354"
"New York ISO";"NE";"6/1/2015 00:00";"1/5/2016 00:00";"ONE YEAR";"SPOT MONTH";"0.00000000";"0.000000";"72669";"851354"
"New York ISO";"NE";"6/1/2015 00:00";"1/5/2016 00:00";"ONE YEAR";"SPOT MONTH";"0.00000000";"0.000000";"72669";"851354"
"New York ISO";"NE";"6/1/2015 00:00";"1/5/2016 00:00";"ONE YEAR";"STRIP MONTH";"0.00000000";"0.000000";"72669";"851354"
"New York ISO";"NE";"6/1/2015 00:00";"1/5/2016 00:00";"ONE YEAR";"SPOT MONTH";"0.00000000";"0.000000";"72669";"851354"
"New York ISO";"NE";"6/1/2015 00:00";"1/5/2016 00:00";"ONE YEAR";"SPOT MONTH";"0.00000000";"0.000000";"72669";"851354"
"New York ISO";"NE";"6/1/2015 00:00";"1/5/2016 00:00";"ONE YEAR";"SPOT MONTH";"0.00000000";"0.000000";"72669";"851354"
"New York ISO";"NE";"6/1/2015 00:00";"1/5/2016 00:00";"ONE YEAR";"SPOT MONTH";"0.00000000";"0.000000";"72669";"851354"
"New York ISO";"NE";"6/1/2015 00:00";"1/5/2016 00:00";"ONE YEAR";"SPOT MONTH";"0.00000000";"0.000000";"72669";"851354"
"New York ISO";"NE";"6/1/2015 00:00";"1/5/2016 00:00";"ONE YEAR";"SPOT MONTH";"0.00000000";"0.000000";"72669";"851354"
"New York ISO";"NE";"6/1/2015 00:00";"1/5/2016 00:00";"ONE YEAR";"STRIP MONTH";"0.00000000";"0.000000";"72669";"851354"
"New York ISO";"NE";"6/1/2015 00:00";"1/5/2016 00:00";"ONE YEAR";"SPOT MONTH";"0.00000000";"0.000000";"72669";"851354"
"New York ISO";"NE";"6/1/2015 00:00";"1/5/2016 00:00";"ONE YEAR";"SPOT MONTH";"0.00000000";"0.000000";"72669";"851354"
"New York ISO";"NE";"6/1/2015 00:00";"1/5/2016 00:00";"ONE YEAR";"SPOT MONTH";"0.00000000";"0.000000";"72669";"851354"
"New York ISO";"NE";"6/1/2015 00:00";"1/5/2016 00:00";"ONE YEAR";"SPOT MONTH";"0.00000000";"0.000000";"72669";"851354"
"New York ISO";"NE";"6/1/2015 00:00";"1/5/2016 00:00";"ONE YEAR";"SPOT MONTH";"0.00000000";"0.000000";"72669";"851354"
"New York ISO";"NE";"6/1/2015 00:00";"1/5/2016 00:00";"ONE YEAR";"SPOT MONTH";"0.00000000";"0.000000";"72669";"851354"
"New York ISO";"NE";"6/1/2015 00:00";"1/5/2016 00:00";"ONE YEAR";"STRIP MONTH";"0.00000000";"0.000000";"72669";"851354"
"New York ISO";"NE";"6/1/2015 00:00";"1/5/2016 00:00";"ONE YEAR";"SPOT MONTH";"0.00000000";"0.000000";"72669";"851354"
"New York ISO";"NE";"6/1/2015 00:00";"1/5/2016 00:00";"ONE YEAR";"SPOT MONTH";"0.00000000";"0.000000";"72669";"851354"
"New York ISO";"NE";"6/1/2015 00:00";"1/5/2016 00:00";"ONE YEAR";"SPOT MONTH";"0.00000000";"0.000000";"72669";"851354"
"New York ISO";"NE";"6/1/2015 00:00";"1/5/2016 00:00";"ONE YEAR";"SPOT MONTH";"0.00000000";"0.000000";"72669";"851354"
"New York ISO";"NE";"6/1/2015 00:00";"1/5/2016 00:00";"ONE YEAR";"SPOT MONTH";"0.00000000";"0.000000";"72669";"851354"
"New York ISO";"NE";"6/1/2015 00:00";"1/5/2016 00:00";"ONE YEAR";"SPOT MONTH";"0.00000000";"0.000000";"72669";"851354"
"New York ISO";"NE";"6/1/2015 00:00";"1/5/2016 00:00";"ONE YEAR";"STRIP MONTH";"0.00000000";"0.000000";"72669";"851354"
"New York ISO";"NE";"6/1/2015 00:00";"1/5/2016 00:00";"ONE YEAR";"SPOT MONTH";"0.00000000";"0.000000";"72669";"851354"
"New York ISO";"NE";"6/1/2015 00:00";"1/5/2016 00:00";"ONE YEAR";"SPOT MONTH";"0.00000000";"0.000000";"72669";"851354"
"New York ISO";"NE";"6/1/2015 00:00";"1/5/2016 00:00";"ONE YEAR";"SPOT MONTH";"0.00000000";"0.000000";"72669";"851354"
"New York ISO";"NYC";"6/1/2015 00:00";"1/5/2016 00:00";"ONE YEAR";"SPOT MONTH";"104.87671232";"1579.900000";"72669";"851347"
"New York ISO";"NYC";"6/1/2015 00:00";"1/5/2016 00:00";"ONE YEAR";"SPOT MONTH";"58.19178082";"1592.000000";"72669";"851347"
"New York ISO";"NYC";"6/1/2015 00:00";"1/5/2016 00:00";"ONE YEAR";"SPOT MONTH";"16.43835616";"1592.000000";"72669";"851347"
"New York ISO";"NYC";"6/1/2015 00:00";"1/5/2016 00:00";"ONE YEAR";"SPOT MONTH";"9.86301369";"1586.600000";"72669";"851347"
"New York ISO";"NYC";"6/1/2015 00:00";"1/5/2016 00:00";"ONE YEAR";"SPOT MONTH";"286.68493150";"707.300000";"72669";"851347"
"New York ISO";"NYC";"6/1/2015 00:00";"1/5/2016 00:00";"ONE YEAR";"STRIP MONTH";"221.91780821";"436.700000";"72669";"851347"
"New York ISO";"NYC";"6/1/2015 00:00";"1/5/2016 00:00";"ONE YEAR";"SPOT MONTH";"284.38356164";"714.200000";"72669";"851347"
"New York ISO";"NYC";"6/1/2015 00:00";"1/5/2016 00:00";"ONE YEAR";"SPOT MONTH";"278.46575342";"732.700000";"72669";"851347"
"New York ISO";"NYC";"6/1/2015 00:00";"1/5/2016 00:00";"ONE YEAR";"SPOT MONTH";"277.80821917";"735.100000";"72669";"851347"
"New York ISO";"NYC";"6/1/2015 00:00";"1/5/2016 00:00";"ONE YEAR";"SPOT MONTH";"251.50684931";"816.400000";"72669";"851347"
"New York ISO";"NYC";"6/1/2015 00:00";"1/5/2016 00:00";"ONE YEAR";"SPOT MONTH";"253.15068493";"811.100000";"72669";"851347"
"New York ISO";"NYC";"6/1/2015 00:00";"1/5/2016 00:00";"ONE YEAR";"SPOT MONTH";"40.43835616";"1422.300000";"72669";"851347"
"New York ISO";"NYC";"6/1/2015 00:00";"1/5/2016 00:00";"ONE YEAR";"STRIP MONTH";"152.87671232";"825.200000";"72669";"851347"
"New York ISO";"NYC";"6/1/2015 00:00";"1/5/2016 00:00";"ONE YEAR";"SPOT MONTH";"24.98630136";"1467.400000";"72669";"851347"
"New York ISO";"NYC";"6/1/2015 00:00";"1/5/2016 00:00";"ONE YEAR";"SPOT MONTH";"60.82191780";"1497.100000";"72669";"851347"
"New York ISO";"NYC";"6/1/2015 00:00";"1/5/2016 00:00";"ONE YEAR";"SPOT MONTH";"262.35616438";"782.000000";"72669";"851347"
"New York ISO";"NYC";"6/1/2015 00:00";"1/5/2016 00:00";"ONE YEAR";"SPOT MONTH";"253.80821917";"807.300000";"72669";"851347"
"New York ISO";"NYC";"6/1/2015 00:00";"1/5/2016 00:00";"ONE YEAR";"SPOT MONTH";"235.39726027";"860.100000";"72669";"851347"
"New York ISO";"NYC";"6/1/2015 00:00";"1/5/2016 00:00";"ONE YEAR";"SPOT MONTH";"444.82191780";"372.000000";"72669";"851347"
"New York ISO";"NYC";"6/1/2015 00:00";"1/5/2016 00:00";"ONE YEAR";"STRIP MONTH";"424.10958904";"1096.800000";"72669";"851347"
"New York ISO";"NYC";"6/1/2015 00:00";"1/5/2016 00:00";"ONE YEAR";"SPOT MONTH";"432.32876712";"403.600000";"72669";"851347"
"New York ISO";"NYC";"6/1/2015 00:00";"1/5/2016 00:00";"ONE YEAR";"SPOT MONTH";"429.04109589";"412.100000";"72669";"851347"
"New York ISO";"NYC";"6/1/2015 00:00";"1/5/2016 00:00";"ONE YEAR";"SPOT MONTH";"426.41095890";"418.700000";"72669";"851347"
"New York ISO";"NYC";"6/1/2015 00:00";"1/5/2016 00:00";"ONE YEAR";"SPOT MONTH";"410.95890410";"457.800000";"72669";"851347"
"New York ISO";"NYC";"6/1/2015 00:00";"1/5/2016 00:00";"ONE YEAR";"SPOT MONTH";"418.19178082";"439.200000";"72669";"851347"
"New York ISO";"NYC";"6/1/2015 00:00";"1/5/2016 00:00";"ONE YEAR";"SPOT MONTH";"141.04109589";"1179.500000";"72669";"851347"
"New York ISO";"NYC";"6/1/2015 00:00";"1/5/2016 00:00";"ONE YEAR";"STRIP MONTH";"151.23287671";"1109.800000";"72669";"851347"
"New York ISO";"NYC";"6/1/2015 00:00";"1/5/2016 00:00";"ONE YEAR";"SPOT MONTH";"120.32876712";"1237.600000";"72669";"851347"
"New York ISO";"NYC";"6/1/2015 00:00";"1/5/2016 00:00";"ONE YEAR";"SPOT MONTH";"131.17808219";"1207.600000";"72669";"851347"
"New York ISO";"NYC";"6/1/2015 00:00";"1/5/2016 00:00";"ONE YEAR";"SPOT MONTH";"117.36986301";"1245.800000";"72669";"851347"
"New York ISO";"NYC";"6/1/2015 00:00";"1/5/2016 00:00";"ONE YEAR";"SPOT MONTH";"117.36986301";"1246.000000";"72669";"851347"
"New York ISO";"NYC";"6/1/2015 00:00";"1/5/2016 00:00";"ONE YEAR";"SPOT MONTH";"109.15068493";"1269.100000";"72669";"851347"
"New York ISO";"NYC";"6/1/2015 00:00";"1/5/2016 00:00";"ONE YEAR";"SPOT MONTH";"393.53424657";"462.400000";"72669";"851347"
"New York ISO";"NYC";"6/1/2015 00:00";"1/5/2016 00:00";"ONE YEAR";"STRIP MONTH";"445.15068493";"726.500000";"72669";"851347"
"New York ISO";"NYC";"6/1/2015 00:00";"1/5/2016 00:00";"ONE YEAR";"SPOT MONTH";"386.63013698";"482.300000";"72669";"851347"
"New York ISO";"NYC";"6/1/2015 00:00";"1/5/2016 00:00";"ONE YEAR";"SPOT MONTH";"189.36986301";"1046.900000";"72669";"851347"
"New York ISO";"NYC";"6/1/2015 00:00";"1/5/2016 00:00";"ONE YEAR";"SPOT MONTH";"191.67123287";"1040.800000";"72669";"851347"
"New York ISO";"NYC";"6/1/2015 00:00";"1/5/2016 00:00";"ONE YEAR";"SPOT MONTH";"187.72602739";"1052.300000";"72669";"851347"
"New York ISO";"NYC";"6/1/2015 00:00";"1/5/2016 00:00";"ONE YEAR";"SPOT MONTH";"296.21917808";"883.000000";"72669";"851347"
"New York ISO";"NYC";"6/1/2015 00:00";"1/5/2016 00:00";"ONE YEAR";"SPOT MONTH";"16.43835616";"1550.700000";"72669";"851347"
"New York ISO";"NYC";"6/1/2015 00:00";"1/5/2016 00:00";"ONE YEAR";"STRIP MONTH";"88.76712328";"1031.200000";"72669";"851347"
"New York ISO";"NYC";"6/1/2015 00:00";"1/5/2016 00:00";"ONE YEAR";"SPOT MONTH";"153.86301369";"1222.500000";"72669";"851347"
"New York ISO";"NYC";"6/1/2015 00:00";"1/5/2016 00:00";"ONE YEAR";"SPOT MONTH";"161.42465753";"1205.000000";"72669";"851347"
"New York ISO";"NYC";"6/1/2015 00:00";"1/5/2016 00:00";"ONE YEAR";"SPOT MONTH";"160.10958904";"1208.100000";"72669";"851347"
"New York ISO";"NYCA";"6/1/2015 00:00";"1/5/2016 00:00";"ONE YEAR";"SPOT MONTH";"104.87671232";"2779.000000";"72669";"851355"
"New York ISO";"NYCA";"6/1/2015 00:00";"1/5/2016 00:00";"ONE YEAR";"SPOT MONTH";"58.19178082";"3492.100000";"72669";"851355"
"New York ISO";"NYCA";"6/1/2015 00:00";"1/5/2016 00:00";"ONE YEAR";"SPOT MONTH";"16.43835616";"4128.232000";"72669";"851355"
"New York ISO";"NYCA";"6/1/2015 00:00";"1/5/2016 00:00";"ONE YEAR";"SPOT MONTH";"9.86301369";"4228.561000";"72669";"851355"
"New York ISO";"NYCA";"6/1/2015 00:00";"1/5/2016 00:00";"ONE YEAR";"SPOT MONTH";"85.80821917";"3216.700000";"72669";"851355"
"New York ISO";"NYCA";"6/1/2015 00:00";"1/5/2016 00:00";"ONE YEAR";"SPOT MONTH";"138.73972602";"2505.400000";"72669";"851355"
"New York ISO";"NYCA";"6/1/2015 00:00";"1/5/2016 00:00";"ONE YEAR";"SPOT MONTH";"145.31506849";"2420.600000";"72669";"851355"
"New York ISO";"NYCA";"6/1/2015 00:00";"1/5/2016 00:00";"ONE YEAR";"SPOT MONTH";"112.43835616";"2857.000000";"72669";"851355"
"New York ISO";"NYCA";"6/1/2015 00:00";"1/5/2016 00:00";"ONE YEAR";"SPOT MONTH";"90.73972602";"3147.700000";"72669";"851355"
"New York ISO";"NYCA";"6/1/2015 00:00";"1/5/2016 00:00";"ONE YEAR";"SPOT MONTH";"73.31506849";"3380.500000";"72669";"851355"
"New York ISO";"NYCA";"6/1/2015 00:00";"1/5/2016 00:00";"ONE YEAR";"SPOT MONTH";"16.43835616";"4081.401000";"72669";"851355"
"New York ISO";"NYCA";"6/1/2015 00:00";"1/5/2016 00:00";"ONE YEAR";"SPOT MONTH";"24.65753424";"3976.700000";"72669";"851355"
"New York ISO";"NYCA";"6/1/2015 00:00";"1/5/2016 00:00";"ONE YEAR";"SPOT MONTH";"60.82191780";"3505.400000";"72669";"851355"
"New York ISO";"NYCA";"6/1/2015 00:00";"1/5/2016 00:00";"ONE YEAR";"SPOT MONTH";"114.73972602";"2810.000000";"72669";"851355"
"New York ISO";"NYCA";"6/1/2015 00:00";"1/5/2016 00:00";"ONE YEAR";"SPOT MONTH";"27.94520547";"3933.400000";"72669";"851355"
"New York ISO";"NYCA";"6/1/2015 00:00";"1/5/2016 00:00";"ONE YEAR";"SPOT MONTH";"21.04109589";"4021.812000";"72669";"851355"
"New York ISO";"NYCA";"6/1/2015 00:00";"1/5/2016 00:00";"ONE YEAR";"SPOT MONTH";"115.72602739";"2860.200000";"72669";"851355"
"New York ISO";"NYCA";"6/1/2015 00:00";"1/5/2016 00:00";"ONE YEAR";"SPOT MONTH";"69.69863013";"3396.500000";"72669";"851355"
"New York ISO";"NYCA";"6/1/2015 00:00";"1/5/2016 00:00";"ONE YEAR";"SPOT MONTH";"62.79452054";"3475.300000";"72669";"851355"
"New York ISO";"NYCA";"6/1/2015 00:00";"1/5/2016 00:00";"ONE YEAR";"SPOT MONTH";"55.23287671";"3563.695000";"72669";"851355"
"New York ISO";"NYCA";"6/1/2015 00:00";"1/5/2016 00:00";"ONE YEAR";"SPOT MONTH";"20.71232876";"3964.300000";"72669";"851355"
"New York ISO";"NYCA";"6/1/2015 00:00";"1/5/2016 00:00";"ONE YEAR";"SPOT MONTH";"15.78082191";"4022.900000";"72669";"851355"
"New York ISO";"NYCA";"6/1/2015 00:00";"1/5/2016 00:00";"ONE YEAR";"SPOT MONTH";"0.32876712";"4295.903000";"72669";"851355"
"New York ISO";"NYCA";"6/1/2015 00:00";"1/5/2016 00:00";"ONE YEAR";"SPOT MONTH";"16.43835616";"4100.193000";"72669";"851355"
"New York ISO";"NYCA";"6/1/2015 00:00";"1/5/2016 00:00";"ONE YEAR";"SPOT MONTH";"16.43835616";"4100.236000";"72669";"851355"
"New York ISO";"NYCA";"6/1/2015 00:00";"1/5/2016 00:00";"ONE YEAR";"SPOT MONTH";"21.36986301";"4040.000000";"72669";"851355"
"New York ISO";"NYCA";"6/1/2015 00:00";"1/5/2016 00:00";"ONE YEAR";"SPOT MONTH";"9.86301369";"4180.107000";"72669";"851355"
"New York ISO";"NYCA";"6/1/2015 00:00";"1/5/2016 00:00";"ONE YEAR";"SPOT MONTH";"4.93150684";"4239.965000";"72669";"851355"
"New York ISO";"NYCA";"6/1/2015 00:00";"1/5/2016 00:00";"ONE YEAR";"SPOT MONTH";"21.36986301";"3911.092000";"72669";"851355"
"New York ISO";"NYCA";"6/1/2015 00:00";"1/5/2016 00:00";"ONE YEAR";"SPOT MONTH";"18.08219178";"3948.723000";"72669";"851355"
"New York ISO";"NYCA";"6/1/2015 00:00";"1/5/2016 00:00";"ONE YEAR";"SPOT MONTH";"4.93150684";"4104.153000";"72669";"851355"
"New York ISO";"NYCA";"6/1/2015 00:00";"1/5/2016 00:00";"ONE YEAR";"SPOT MONTH";"1.64383561";"4142.803000";"72669";"851355"
"New York ISO";"NYCA";"6/1/2015 00:00";"1/5/2016 00:00";"ONE YEAR";"SPOT MONTH";"5.91780821";"4093.127000";"72669";"851355"
"New York ISO";"NYCA";"6/1/2015 00:00";"1/5/2016 00:00";"ONE YEAR";"SPOT MONTH";"4.27397260";"4105.936000";"72669";"851355"
"New York ISO";"NYCA";"6/1/2015 00:00";"1/5/2016 00:00";"ONE YEAR";"SPOT MONTH";"1.97260273";"4147.357000";"72669";"851355"
"New York ISO";"NYCA";"6/1/2015 00:00";"1/5/2016 00:00";"ONE YEAR";"SPOT MONTH";"3.28767123";"4129.960000";"72669";"851355"
"New York ISO";"NYCA";"6/1/2015 00:00";"1/5/2016 00:00";"ONE YEAR";"SPOT MONTH";"16.43835616";"3956.068000";"72669";"851355"
"New York ISO";"NYCA";"6/1/2015 00:00";"1/5/2016 00:00";"ONE YEAR";"SPOT MONTH";"5.91780821";"4095.180000";"72669";"851355"
"New York ISO";"PJM";"6/1/2015 00:00";"1/5/2016 00:00";"ONE YEAR";"SPOT MONTH";"0.00000000";"0.000000";"72669";"851352"
"New York ISO";"PJM";"6/1/2015 00:00";"1/5/2016 00:00";"ONE YEAR";"SPOT MONTH";"0.00000000";"0.000000";"72669";"851352"
"New York ISO";"PJM";"6/1/2015 00:00";"1/5/2016 00:00";"ONE YEAR";"SPOT MONTH";"0.00000000";"0.000000";"72669";"851352"
"New York ISO";"PJM";"6/1/2015 00:00";"1/5/2016 00:00";"ONE YEAR";"SPOT MONTH";"0.00000000";"0.000000";"72669";"851352"
"New York ISO";"PJM";"6/1/2015 00:00";"1/5/2016 00:00";"ONE YEAR";"SPOT MONTH";"0.00000000";"0.000000";"72669";"851352"
"New York ISO";"PJM";"6/1/2015 00:00";"1/5/2016 00:00";"ONE YEAR";"STRIP MONTH";"0.00000000";"0.000000";"72669";"851352"
"New York ISO";"PJM";"6/1/2015 00:00";"1/5/2016 00:00";"ONE YEAR";"SPOT MONTH";"0.00000000";"0.000000";"72669";"851352"
"New York ISO";"PJM";"6/1/2015 00:00";"1/5/2016 00:00";"ONE YEAR";"SPOT MONTH";"0.00000000";"0.000000";"72669";"851352"
"New York ISO";"PJM";"6/1/2015 00:00";"1/5/2016 00:00";"ONE YEAR";"SPOT MONTH";"0.00000000";"0.000000";"72669";"851352"
"New York ISO";"PJM";"6/1/2015 00:00";"1/5/2016 00:00";"ONE YEAR";"SPOT MONTH";"90.73972602";"100.000000";"72669";"851352"
"New York ISO";"PJM";"6/1/2015 00:00";"1/5/2016 00:00";"ONE YEAR";"SPOT MONTH";"73.31506849";"200.000000";"72669";"851352"
"New York ISO";"PJM";"6/1/2015 00:00";"1/5/2016 00:00";"ONE YEAR";"SPOT MONTH";"16.43835616";"0.000000";"72669";"851352"
"New York ISO";"PJM";"6/1/2015 00:00";"1/5/2016 00:00";"ONE YEAR";"STRIP MONTH";"0.00000000";"0.000000";"72669";"851352"
"New York ISO";"PJM";"6/1/2015 00:00";"1/5/2016 00:00";"ONE YEAR";"SPOT MONTH";"24.65753424";"0.000000";"72669";"851352"
"New York ISO";"PJM";"6/1/2015 00:00";"1/5/2016 00:00";"ONE YEAR";"SPOT MONTH";"0.00000000";"0.000000";"72669";"851352"
"New York ISO";"PJM";"6/1/2015 00:00";"1/5/2016 00:00";"ONE YEAR";"SPOT MONTH";"0.00000000";"0.000000";"72669";"851352"
"New York ISO";"PJM";"6/1/2015 00:00";"1/5/2016 00:00";"ONE YEAR";"SPOT MONTH";"0.00000000";"0.000000";"72669";"851352"
"New York ISO";"PJM";"6/1/2015 00:00";"1/5/2016 00:00";"ONE YEAR";"SPOT MONTH";"0.00000000";"0.000000";"72669";"851352"
"New York ISO";"PJM";"6/1/2015 00:00";"1/5/2016 00:00";"ONE YEAR";"SPOT MONTH";"0.00000000";"0.000000";"72669";"851352"
"New York ISO";"PJM";"6/1/2015 00:00";"1/5/2016 00:00";"ONE YEAR";"STRIP MONTH";"0.00000000";"0.000000";"72669";"851352"
"New York ISO";"PJM";"6/1/2015 00:00";"1/5/2016 00:00";"ONE YEAR";"SPOT MONTH";"0.00000000";"0.000000";"72669";"851352"
"New York ISO";"PJM";"6/1/2015 00:00";"1/5/2016 00:00";"ONE YEAR";"SPOT MONTH";"0.00000000";"0.000000";"72669";"851352"
"New York ISO";"PJM";"6/1/2015 00:00";"1/5/2016 00:00";"ONE YEAR";"SPOT MONTH";"0.00000000";"0.000000";"72669";"851352"
"New York ISO";"PJM";"6/1/2015 00:00";"1/5/2016 00:00";"ONE YEAR";"SPOT MONTH";"0.00000000";"0.000000";"72669";"851352"
"New York ISO";"PJM";"6/1/2015 00:00";"1/5/2016 00:00";"ONE YEAR";"SPOT MONTH";"0.00000000";"0.000000";"72669";"851352"
"New York ISO";"PJM";"6/1/2015 00:00";"1/5/2016 00:00";"ONE YEAR";"SPOT MONTH";"0.32876712";"76.400000";"72669";"851352"
"New York ISO";"PJM";"6/1/2015 00:00";"1/5/2016 00:00";"ONE YEAR";"STRIP MONTH";"0.00000000";"0.000000";"72669";"851352"
"New York ISO";"PJM";"6/1/2015 00:00";"1/5/2016 00:00";"ONE YEAR";"SPOT MONTH";"0.00000000";"0.000000";"72669";"851352"
"New York ISO";"PJM";"6/1/2015 00:00";"1/5/2016 00:00";"ONE YEAR";"SPOT MONTH";"0.00000000";"0.000000";"72669";"851352"
"New York ISO";"PJM";"6/1/2015 00:00";"1/5/2016 00:00";"ONE YEAR";"SPOT MONTH";"0.00000000";"0.000000";"72669";"851352"
"New York ISO";"PJM";"6/1/2015 00:00";"1/5/2016 00:00";"ONE YEAR";"SPOT MONTH";"0.00000000";"0.000000";"72669";"851352"
"New York ISO";"PJM";"6/1/2015 00:00";"1/5/2016 00:00";"ONE YEAR";"SPOT MONTH";"0.00000000";"0.000000";"72669";"851352"
"New York ISO";"PJM";"6/1/2015 00:00";"1/5/2016 00:00";"ONE YEAR";"SPOT MONTH";"0.00000000";"0.000000";"72669";"851352"
"New York ISO";"PJM";"6/1/2015 00:00";"1/5/2016 00:00";"ONE YEAR";"STRIP MONTH";"0.00000000";"0.000000";"72669";"851352"
"New York ISO";"PJM";"6/1/2015 00:00";"1/5/2016 00:00";"ONE YEAR";"SPOT MONTH";"0.00000000";"0.000000";"72669";"851352"
"New York ISO";"PJM";"6/1/2015 00:00";"1/5/2016 00:00";"ONE YEAR";"SPOT MONTH";"0.00000000";"0.000000";"72669";"851352"
"New York ISO";"PJM";"6/1/2015 00:00";"1/5/2016 00:00";"ONE YEAR";"SPOT MONTH";"0.00000000";"0.000000";"72669";"851352"
"New York ISO";"PJM";"6/1/2015 00:00";"1/5/2016 00:00";"ONE YEAR";"SPOT MONTH";"0.00000000";"0.000000";"72669";"851352"
"New York ISO";"PJM";"6/1/2015 00:00";"1/5/2016 00:00";"ONE YEAR";"SPOT MONTH";"0.00000000";"0.000000";"72669";"851352"
"New York ISO";"PJM";"6/1/2015 00:00";"1/5/2016 00:00";"ONE YEAR";"SPOT MONTH";"0.00000000";"0.000000";"72669";"851352"
"New York ISO";"PJM";"6/1/2015 00:00";"1/5/2016 00:00";"ONE YEAR";"STRIP MONTH";"0.00000000";"0.000000";"72669";"851352"
"New York ISO";"PJM";"6/1/2015 00:00";"1/5/2016 00:00";"ONE YEAR";"SPOT MONTH";"0.00000000";"0.000000";"72669";"851352"
"New York ISO";"PJM";"6/1/2015 00:00";"1/5/2016 00:00";"ONE YEAR";"SPOT MONTH";"0.00000000";"0.000000";"72669";"851352"
"New York ISO";"PJM";"6/1/2015 00:00";"1/5/2016 00:00";"ONE YEAR";"SPOT MONTH";"0.00000000";"0.000000";"72669";"851352"
"New York ISO";"ROS";"6/1/2015 00:00";"1/5/2016 00:00";"ONE YEAR";"STRIP MONTH";"98.95890410";"2371.100000";"72669";"851351"
"New York ISO";"ROS";"6/1/2015 00:00";"1/5/2016 00:00";"ONE YEAR";"STRIP MONTH";"57.53424657";"3201.100000";"72669";"851351"
"New York ISO";"ROS";"6/1/2015 00:00";"1/5/2016 00:00";"ONE YEAR";"STRIP MONTH";"81.20547945";"2868.100000";"72669";"851351"
"New York ISO";"ROS";"6/1/2015 00:00";"1/5/2016 00:00";"ONE YEAR";"STRIP MONTH";"12.82191780";"2691.900000";"72669";"851351"
"New York ISO";"ROS";"6/1/2015 00:00";"1/5/2016 00:00";"ONE YEAR";"STRIP MONTH";"18.08219178";"3280.500000";"72669";"851351"
"New York ISO";"ROS";"6/1/2015 00:00";"1/5/2016 00:00";"ONE YEAR";"STRIP MONTH";"4.93150684";"2008.000000";"72669";"851351"
"PJM ISO";"AECO";"6/1/2015 00:00";"1/5/2016 00:00";"ONE YEAR";"ANNUAL";"196.53041095";;"72670";"67908"
"PJM ISO";"AECO";"6/1/2015 00:00";"1/5/2016 00:00";"ONE YEAR";"ANNUAL";"174.28931506";;"72670";"67908"
"PJM ISO";"AECO";"6/1/2015 00:00";"1/5/2016 00:00";"ONE YEAR";"ANNUAL";"110.04164383";;"72670";"67908"
"PJM ISO";"AECO";"6/1/2015 00:00";"1/5/2016 00:00";"ONE YEAR";"ANNUAL";"139.82136986";;"72670";"67908"
"PJM ISO";"AECO";"6/1/2015 00:00";"1/5/2016 00:00";"ONE YEAR";"ANNUAL";"245.08931506";;"72670";"67908"
"PJM ISO";"AECO";"6/1/2015 00:00";"1/5/2016 00:00";"ONE YEAR";"ANNUAL";"135.12328767";;"72670";"67908"
"PJM ISO";"AEP";"6/1/2015 00:00";"1/5/2016 00:00";"ONE YEAR";"ANNUAL";"104.82082191";;"72670";"660873"
"PJM ISO";"AEP";"6/1/2015 00:00";"1/5/2016 00:00";"ONE YEAR";"ANNUAL";"174.28931506";;"72670";"660873"
"PJM ISO";"AEP";"6/1/2015 00:00";"1/5/2016 00:00";"ONE YEAR";"ANNUAL";"110.04164383";;"72670";"660873"
"PJM ISO";"AEP";"6/1/2015 00:00";"1/5/2016 00:00";"ONE YEAR";"ANNUAL";"16.46136986";;"72670";"660873"
"PJM ISO";"AEP";"6/1/2015 00:00";"1/5/2016 00:00";"ONE YEAR";"ANNUAL";"27.73150684";;"72670";"660873"
"PJM ISO";"AEP";"6/1/2015 00:00";"1/5/2016 00:00";"ONE YEAR";"ANNUAL";"125.91780821";;"72670";"660873"
"PJM ISO";"APS";"6/1/2015 00:00";"1/5/2016 00:00";"ONE YEAR";"ANNUAL";"196.53041095";;"72670";"403769"
"PJM ISO";"APS";"6/1/2015 00:00";"1/5/2016 00:00";"ONE YEAR";"ANNUAL";"174.28931506";;"72670";"403769"
"PJM ISO";"APS";"6/1/2015 00:00";"1/5/2016 00:00";"ONE YEAR";"ANNUAL";"110.04164383";;"72670";"403769"
"PJM ISO";"APS";"6/1/2015 00:00";"1/5/2016 00:00";"ONE YEAR";"ANNUAL";"16.46136986";;"72670";"403769"
"PJM ISO";"APS";"6/1/2015 00:00";"1/5/2016 00:00";"ONE YEAR";"ANNUAL";"27.73150684";;"72670";"403769"
"PJM ISO";"APS";"6/1/2015 00:00";"1/5/2016 00:00";"ONE YEAR";"ANNUAL";"125.91780821";;"72670";"403769"
"PJM ISO";"ATSI";"6/1/2015 00:00";"1/5/2016 00:00";"ONE YEAR";"ANNUAL";"27.73150684";;"72670";"1323465"
"PJM ISO";"ATSI";"6/1/2015 00:00";"1/5/2016 00:00";"ONE YEAR";"ANNUAL";"125.91780821";;"72670";"1323465"
"PJM ISO";"BGE";"6/1/2015 00:00";"1/5/2016 00:00";"ONE YEAR";"ANNUAL";"243.79068493";;"72670";"68179"
"PJM ISO";"BGE";"6/1/2015 00:00";"1/5/2016 00:00";"ONE YEAR";"ANNUAL";"174.28931506";;"72670";"68179"
"PJM ISO";"BGE";"6/1/2015 00:00";"1/5/2016 00:00";"ONE YEAR";"ANNUAL";"110.04164383";;"72670";"68179"
"PJM ISO";"BGE";"6/1/2015 00:00";"1/5/2016 00:00";"ONE YEAR";"ANNUAL";"133.45972602";;"72670";"68179"
"PJM ISO";"BGE";"6/1/2015 00:00";"1/5/2016 00:00";"ONE YEAR";"ANNUAL";"226.14904109";;"72670";"68179"
"PJM ISO";"BGE";"6/1/2015 00:00";"1/5/2016 00:00";"ONE YEAR";"ANNUAL";"135.12328767";;"72670";"68179"
"PJM ISO";"COMED";"6/1/2015 00:00";"1/5/2016 00:00";"ONE YEAR";"ANNUAL";"104.82082191";;"72670";"623937"
"PJM ISO";"COMED";"6/1/2015 00:00";"1/5/2016 00:00";"ONE YEAR";"ANNUAL";"174.28931506";;"72670";"623937"
"PJM ISO";"COMED";"6/1/2015 00:00";"1/5/2016 00:00";"ONE YEAR";"ANNUAL";"110.04164383";;"72670";"623937"
"PJM ISO";"COMED";"6/1/2015 00:00";"1/5/2016 00:00";"ONE YEAR";"ANNUAL";"16.46136986";;"72670";"623937"
"PJM ISO";"COMED";"6/1/2015 00:00";"1/5/2016 00:00";"ONE YEAR";"ANNUAL";"27.73150684";;"72670";"623937"
"PJM ISO";"COMED";"6/1/2015 00:00";"1/5/2016 00:00";"ONE YEAR";"ANNUAL";"125.91780821";;"72670";"623937"
"PJM ISO";"DAY";"6/1/2015 00:00";"1/5/2016 00:00";"ONE YEAR";"ANNUAL";"104.82082191";;"72670";"660872"
"PJM ISO";"DAY";"6/1/2015 00:00";"1/5/2016 00:00";"ONE YEAR";"ANNUAL";"174.28931506";;"72670";"660872"
"PJM ISO";"DAY";"6/1/2015 00:00";"1/5/2016 00:00";"ONE YEAR";"ANNUAL";"110.04164383";;"72670";"660872"
"PJM ISO";"DAY";"6/1/2015 00:00";"1/5/2016 00:00";"ONE YEAR";"ANNUAL";"16.46136986";;"72670";"660872"
"PJM ISO";"DAY";"6/1/2015 00:00";"1/5/2016 00:00";"ONE YEAR";"ANNUAL";"27.73150684";;"72670";"660872"
"PJM ISO";"DAY";"6/1/2015 00:00";"1/5/2016 00:00";"ONE YEAR";"ANNUAL";"125.91780821";;"72670";"660872"
"PJM ISO";"DEOK";"6/1/2015 00:00";"1/5/2016 00:00";"ONE YEAR";"ANNUAL";"125.91780821";;"72670";"1501336"
"PJM ISO";"DOM";"6/1/2015 00:00";"1/5/2016 00:00";"ONE YEAR";"ANNUAL";"104.82082191";;"72670";"745823"
"PJM ISO";"DOM";"6/1/2015 00:00";"1/5/2016 00:00";"ONE YEAR";"ANNUAL";"174.28931506";;"72670";"745823"
"PJM ISO";"DOM";"6/1/2015 00:00";"1/5/2016 00:00";"ONE YEAR";"ANNUAL";"110.04164383";;"72670";"745823"
"PJM ISO";"DOM";"6/1/2015 00:00";"1/5/2016 00:00";"ONE YEAR";"ANNUAL";"16.46136986";;"72670";"745823"
"PJM ISO";"DOM";"6/1/2015 00:00";"1/5/2016 00:00";"ONE YEAR";"ANNUAL";"27.73150684";;"72670";"745823"
"PJM ISO";"DOM";"6/1/2015 00:00";"1/5/2016 00:00";"ONE YEAR";"ANNUAL";"125.91780821";;"72670";"745823"
"PJM ISO";"DPL";"6/1/2015 00:00";"1/5/2016 00:00";"ONE YEAR";"ANNUAL";"196.53041095";;"72670";"68725"
"PJM ISO";"DPL";"6/1/2015 00:00";"1/5/2016 00:00";"ONE YEAR";"ANNUAL";"178.56986301";;"72670";"68725"
"PJM ISO";"DPL";"6/1/2015 00:00";"1/5/2016 00:00";"ONE YEAR";"ANNUAL";"110.04164383";;"72670";"68725"
"PJM ISO";"DPL";"6/1/2015 00:00";"1/5/2016 00:00";"ONE YEAR";"ANNUAL";"169.63068493";;"72670";"68725"
"PJM ISO";"DPL";"6/1/2015 00:00";"1/5/2016 00:00";"ONE YEAR";"ANNUAL";"245.08931506";;"72670";"68725"
"PJM ISO";"DPL";"6/1/2015 00:00";"1/5/2016 00:00";"ONE YEAR";"ANNUAL";"125.91780821";;"72670";"68725"
"PJM ISO";"DUQ";"6/1/2015 00:00";"1/5/2016 00:00";"ONE YEAR";"ANNUAL";"104.82082191";;"72670";"735904"
"PJM ISO";"DUQ";"6/1/2015 00:00";"1/5/2016 00:00";"ONE YEAR";"ANNUAL";"174.28931506";;"72670";"735904"
"PJM ISO";"DUQ";"6/1/2015 00:00";"1/5/2016 00:00";"ONE YEAR";"ANNUAL";"16.46136986";;"72670";"735904"
"PJM ISO";"DUQ";"6/1/2015 00:00";"1/5/2016 00:00";"ONE YEAR";"ANNUAL";"27.73150684";;"72670";"735904"
"PJM ISO";"DUQ";"6/1/2015 00:00";"1/5/2016 00:00";"ONE YEAR";"ANNUAL";"143.01369863";;"72670";"735904"
"PJM ISO";"JCPL";"6/1/2015 00:00";"1/5/2016 00:00";"ONE YEAR";"ANNUAL";"196.53041095";;"72670";"69525"
"PJM ISO";"JCPL";"6/1/2015 00:00";"1/5/2016 00:00";"ONE YEAR";"ANNUAL";"174.28931506";;"72670";"69525"
"PJM ISO";"JCPL";"6/1/2015 00:00";"1/5/2016 00:00";"ONE YEAR";"ANNUAL";"110.04164383";;"72670";"69525"
"PJM ISO";"JCPL";"6/1/2015 00:00";"1/5/2016 00:00";"ONE YEAR";"ANNUAL";"139.82136986";;"72670";"69525"
"PJM ISO";"JCPL";"6/1/2015 00:00";"1/5/2016 00:00";"ONE YEAR";"ANNUAL";"245.08931506";;"72670";"69525"
"PJM ISO";"JCPL";"6/1/2015 00:00";"1/5/2016 00:00";"ONE YEAR";"ANNUAL";"135.12328767";;"72670";"69525"
"PJM ISO";"METED";"6/1/2015 00:00";"1/5/2016 00:00";"ONE YEAR";"ANNUAL";"196.53041095";;"72670";"70552"
"PJM ISO";"METED";"6/1/2015 00:00";"1/5/2016 00:00";"ONE YEAR";"ANNUAL";"174.28931506";;"72670";"70552"
"PJM ISO";"METED";"6/1/2015 00:00";"1/5/2016 00:00";"ONE YEAR";"ANNUAL";"110.04164383";;"72670";"70552"
"PJM ISO";"METED";"6/1/2015 00:00";"1/5/2016 00:00";"ONE YEAR";"ANNUAL";"133.45972602";;"72670";"70552"
"PJM ISO";"METED";"6/1/2015 00:00";"1/5/2016 00:00";"ONE YEAR";"ANNUAL";"226.14904109";;"72670";"70552"
"PJM ISO";"METED";"6/1/2015 00:00";"1/5/2016 00:00";"ONE YEAR";"ANNUAL";"135.12328767";;"72670";"70552"
"PJM ISO";"PECO";"6/1/2015 00:00";"1/5/2016 00:00";"ONE YEAR";"ANNUAL";"196.53041095";;"72670";"71035"
"PJM ISO";"PECO";"6/1/2015 00:00";"1/5/2016 00:00";"ONE YEAR";"ANNUAL";"174.28931506";;"72670";"71035"
"PJM ISO";"PECO";"6/1/2015 00:00";"1/5/2016 00:00";"ONE YEAR";"ANNUAL";"110.04164383";;"72670";"71035"
"PJM ISO";"PECO";"6/1/2015 00:00";"1/5/2016 00:00";"ONE YEAR";"ANNUAL";"139.82136986";;"72670";"71035"
"PJM ISO";"PECO";"6/1/2015 00:00";"1/5/2016 00:00";"ONE YEAR";"ANNUAL";"245.08931506";;"72670";"71035"
"PJM ISO";"PECO";"6/1/2015 00:00";"1/5/2016 00:00";"ONE YEAR";"ANNUAL";"135.12328767";;"72670";"71035"
"PJM ISO";"PENELEC";"6/1/2015 00:00";"1/5/2016 00:00";"ONE YEAR";"ANNUAL";"196.53041095";;"72670";"71044"
"PJM ISO";"PENELEC";"6/1/2015 00:00";"1/5/2016 00:00";"ONE YEAR";"ANNUAL";"174.28931506";;"72670";"71044"
"PJM ISO";"PENELEC";"6/1/2015 00:00";"1/5/2016 00:00";"ONE YEAR";"ANNUAL";"110.04164383";;"72670";"71044"
"PJM ISO";"PENELEC";"6/1/2015 00:00";"1/5/2016 00:00";"ONE YEAR";"ANNUAL";"133.45972602";;"72670";"71044"
"PJM ISO";"PENELEC";"6/1/2015 00:00";"1/5/2016 00:00";"ONE YEAR";"ANNUAL";"226.14904109";;"72670";"71044"
"PJM ISO";"PENELEC";"6/1/2015 00:00";"1/5/2016 00:00";"ONE YEAR";"ANNUAL";"135.12328767";;"72670";"71044"
"PJM ISO";"PEPCO";"6/1/2015 00:00";"1/5/2016 00:00";"ONE YEAR";"ANNUAL";"243.79068493";;"72670";"71059"
"PJM ISO";"PEPCO";"6/1/2015 00:00";"1/5/2016 00:00";"ONE YEAR";"ANNUAL";"174.28931506";;"72670";"71059"
"PJM ISO";"PEPCO";"6/1/2015 00:00";"1/5/2016 00:00";"ONE YEAR";"ANNUAL";"110.04164383";;"72670";"71059"
"PJM ISO";"PEPCO";"6/1/2015 00:00";"1/5/2016 00:00";"ONE YEAR";"ANNUAL";"133.45972602";;"72670";"71059"
"PJM ISO";"PEPCO";"6/1/2015 00:00";"1/5/2016 00:00";"ONE YEAR";"ANNUAL";"247.14082191";;"72670";"71059"
"PJM ISO";"PEPCO";"6/1/2015 00:00";"1/5/2016 00:00";"ONE YEAR";"ANNUAL";"135.12328767";;"72670";"71059"
"PJM ISO";"PPL";"6/1/2015 00:00";"1/5/2016 00:00";"ONE YEAR";"ANNUAL";"196.53041095";;"72670";"71171"
"PJM ISO";"PPL";"6/1/2015 00:00";"1/5/2016 00:00";"ONE YEAR";"ANNUAL";"174.28931506";;"72670";"71171"
"PJM ISO";"PPL";"6/1/2015 00:00";"1/5/2016 00:00";"ONE YEAR";"ANNUAL";"110.04164383";;"72670";"71171"
"PJM ISO";"PPL";"6/1/2015 00:00";"1/5/2016 00:00";"ONE YEAR";"ANNUAL";"133.45972602";;"72670";"71171"
"PJM ISO";"PPL";"6/1/2015 00:00";"1/5/2016 00:00";"ONE YEAR";"ANNUAL";"226.14904109";;"72670";"71171"
"PJM ISO";"PPL";"6/1/2015 00:00";"1/5/2016 00:00";"ONE YEAR";"ANNUAL";"135.12328767";;"72670";"71171"
"PJM ISO";"PSEG";"6/1/2015 00:00";"1/5/2016 00:00";"ONE YEAR";"ANNUAL";"196.53041095";;"72670";"71188"
"PJM ISO";"PSEG";"6/1/2015 00:00";"1/5/2016 00:00";"ONE YEAR";"ANNUAL";"174.28931506";;"72670";"71188"
"PJM ISO";"PSEG";"6/1/2015 00:00";"1/5/2016 00:00";"ONE YEAR";"ANNUAL";"110.04164383";;"72670";"71188"
"PJM ISO";"PSEG";"6/1/2015 00:00";"1/5/2016 00:00";"ONE YEAR";"ANNUAL";"162.87123287";;"72670";"71188"
"PJM ISO";"PSEG";"6/1/2015 00:00";"1/5/2016 00:00";"ONE YEAR";"ANNUAL";"245.08931506";;"72670";"71188"
"PJM ISO";"PSEG";"6/1/2015 00:00";"1/5/2016 00:00";"ONE YEAR";"ANNUAL";"179.83561643";;"72670";"71188"
"PJM ISO";"RECO";"6/1/2015 00:00";"1/5/2016 00:00";"ONE YEAR";"ANNUAL";"196.53041095";;"72670";"71243"
"PJM ISO";"RECO";"6/1/2015 00:00";"1/5/2016 00:00";"ONE YEAR";"ANNUAL";"174.28931506";;"72670";"71243"
"PJM ISO";"RECO";"6/1/2015 00:00";"1/5/2016 00:00";"ONE YEAR";"ANNUAL";"110.04164383";;"72670";"71243"
"PJM ISO";"RECO";"6/1/2015 00:00";"1/5/2016 00:00";"ONE YEAR";"ANNUAL";"139.82136986";;"72670";"71243"
"PJM ISO";"RECO";"6/1/2015 00:00";"1/5/2016 00:00";"ONE YEAR";"ANNUAL";"245.08931506";;"72670";"71243"
"PJM ISO";"RECO";"6/1/2015 00:00";"1/5/2016 00:00";"ONE YEAR";"ANNUAL";"135.12328767";;"72670";"71243"
